--
-- PostgreSQL database dump
--

-- Dumped from database version 14.8 (Ubuntu 14.8-0ubuntu0.22.04.1)
-- Dumped by pg_dump version 14.8 (Ubuntu 14.8-0ubuntu0.22.04.1)

SET statement_timeout = 0;
SET lock_timeout = 0;
SET idle_in_transaction_session_timeout = 0;
SET client_encoding = 'UTF8';
SET standard_conforming_strings = on;
SELECT pg_catalog.set_config('search_path', '', false);
SET check_function_bodies = false;
SET xmloption = content;
SET client_min_messages = warning;
SET row_security = off;

SET default_tablespace = '';

SET default_table_access_method = heap;

--
-- Name: auth_group; Type: TABLE; Schema: public; Owner: valla
--

CREATE TABLE public.auth_group (
    id integer NOT NULL,
    name character varying(150) NOT NULL
);


ALTER TABLE public.auth_group OWNER TO valla;

--
-- Name: auth_group_id_seq; Type: SEQUENCE; Schema: public; Owner: valla
--

ALTER TABLE public.auth_group ALTER COLUMN id ADD GENERATED BY DEFAULT AS IDENTITY (
    SEQUENCE NAME public.auth_group_id_seq
    START WITH 1
    INCREMENT BY 1
    NO MINVALUE
    NO MAXVALUE
    CACHE 1
);


--
-- Name: auth_group_permissions; Type: TABLE; Schema: public; Owner: valla
--

CREATE TABLE public.auth_group_permissions (
    id bigint NOT NULL,
    group_id integer NOT NULL,
    permission_id integer NOT NULL
);


ALTER TABLE public.auth_group_permissions OWNER TO valla;

--
-- Name: auth_group_permissions_id_seq; Type: SEQUENCE; Schema: public; Owner: valla
--

ALTER TABLE public.auth_group_permissions ALTER COLUMN id ADD GENERATED BY DEFAULT AS IDENTITY (
    SEQUENCE NAME public.auth_group_permissions_id_seq
    START WITH 1
    INCREMENT BY 1
    NO MINVALUE
    NO MAXVALUE
    CACHE 1
);


--
-- Name: auth_permission; Type: TABLE; Schema: public; Owner: valla
--

CREATE TABLE public.auth_permission (
    id integer NOT NULL,
    name character varying(255) NOT NULL,
    content_type_id integer NOT NULL,
    codename character varying(100) NOT NULL
);


ALTER TABLE public.auth_permission OWNER TO valla;

--
-- Name: auth_permission_id_seq; Type: SEQUENCE; Schema: public; Owner: valla
--

ALTER TABLE public.auth_permission ALTER COLUMN id ADD GENERATED BY DEFAULT AS IDENTITY (
    SEQUENCE NAME public.auth_permission_id_seq
    START WITH 1
    INCREMENT BY 1
    NO MINVALUE
    NO MAXVALUE
    CACHE 1
);


--
-- Name: auth_user; Type: TABLE; Schema: public; Owner: valla
--

CREATE TABLE public.auth_user (
    id integer NOT NULL,
    password character varying(128) NOT NULL,
    last_login timestamp with time zone,
    is_superuser boolean NOT NULL,
    username character varying(150) NOT NULL,
    first_name character varying(150) NOT NULL,
    last_name character varying(150) NOT NULL,
    email character varying(254) NOT NULL,
    is_staff boolean NOT NULL,
    is_active boolean NOT NULL,
    date_joined timestamp with time zone NOT NULL
);


ALTER TABLE public.auth_user OWNER TO valla;

--
-- Name: auth_user_groups; Type: TABLE; Schema: public; Owner: valla
--

CREATE TABLE public.auth_user_groups (
    id bigint NOT NULL,
    user_id integer NOT NULL,
    group_id integer NOT NULL
);


ALTER TABLE public.auth_user_groups OWNER TO valla;

--
-- Name: auth_user_groups_id_seq; Type: SEQUENCE; Schema: public; Owner: valla
--

ALTER TABLE public.auth_user_groups ALTER COLUMN id ADD GENERATED BY DEFAULT AS IDENTITY (
    SEQUENCE NAME public.auth_user_groups_id_seq
    START WITH 1
    INCREMENT BY 1
    NO MINVALUE
    NO MAXVALUE
    CACHE 1
);


--
-- Name: auth_user_id_seq; Type: SEQUENCE; Schema: public; Owner: valla
--

ALTER TABLE public.auth_user ALTER COLUMN id ADD GENERATED BY DEFAULT AS IDENTITY (
    SEQUENCE NAME public.auth_user_id_seq
    START WITH 1
    INCREMENT BY 1
    NO MINVALUE
    NO MAXVALUE
    CACHE 1
);


--
-- Name: auth_user_user_permissions; Type: TABLE; Schema: public; Owner: valla
--

CREATE TABLE public.auth_user_user_permissions (
    id bigint NOT NULL,
    user_id integer NOT NULL,
    permission_id integer NOT NULL
);


ALTER TABLE public.auth_user_user_permissions OWNER TO valla;

--
-- Name: auth_user_user_permissions_id_seq; Type: SEQUENCE; Schema: public; Owner: valla
--

ALTER TABLE public.auth_user_user_permissions ALTER COLUMN id ADD GENERATED BY DEFAULT AS IDENTITY (
    SEQUENCE NAME public.auth_user_user_permissions_id_seq
    START WITH 1
    INCREMENT BY 1
    NO MINVALUE
    NO MAXVALUE
    CACHE 1
);


--
-- Name: authtoken_token; Type: TABLE; Schema: public; Owner: valla
--

CREATE TABLE public.authtoken_token (
    key character varying(40) NOT NULL,
    created timestamp with time zone NOT NULL,
    user_id integer NOT NULL
);


ALTER TABLE public.authtoken_token OWNER TO valla;

--
-- Name: category_category; Type: TABLE; Schema: public; Owner: valla
--

CREATE TABLE public.category_category (
    id bigint NOT NULL,
    name character varying(75) NOT NULL,
    parent_id bigint
);


ALTER TABLE public.category_category OWNER TO valla;

--
-- Name: category_category_id_seq; Type: SEQUENCE; Schema: public; Owner: valla
--

ALTER TABLE public.category_category ALTER COLUMN id ADD GENERATED BY DEFAULT AS IDENTITY (
    SEQUENCE NAME public.category_category_id_seq
    START WITH 1
    INCREMENT BY 1
    NO MINVALUE
    NO MAXVALUE
    CACHE 1
);


--
-- Name: comment_comment; Type: TABLE; Schema: public; Owner: valla
--

CREATE TABLE public.comment_comment (
    id bigint NOT NULL,
    body text NOT NULL,
    created_at timestamp with time zone NOT NULL,
    owner_id integer NOT NULL,
    post_id bigint NOT NULL
);


ALTER TABLE public.comment_comment OWNER TO valla;

--
-- Name: comment_comment_id_seq; Type: SEQUENCE; Schema: public; Owner: valla
--

ALTER TABLE public.comment_comment ALTER COLUMN id ADD GENERATED BY DEFAULT AS IDENTITY (
    SEQUENCE NAME public.comment_comment_id_seq
    START WITH 1
    INCREMENT BY 1
    NO MINVALUE
    NO MAXVALUE
    CACHE 1
);


--
-- Name: django_admin_log; Type: TABLE; Schema: public; Owner: valla
--

CREATE TABLE public.django_admin_log (
    id integer NOT NULL,
    action_time timestamp with time zone NOT NULL,
    object_id text,
    object_repr character varying(200) NOT NULL,
    action_flag smallint NOT NULL,
    change_message text NOT NULL,
    content_type_id integer,
    user_id integer NOT NULL,
    CONSTRAINT django_admin_log_action_flag_check CHECK ((action_flag >= 0))
);


ALTER TABLE public.django_admin_log OWNER TO valla;

--
-- Name: django_admin_log_id_seq; Type: SEQUENCE; Schema: public; Owner: valla
--

ALTER TABLE public.django_admin_log ALTER COLUMN id ADD GENERATED BY DEFAULT AS IDENTITY (
    SEQUENCE NAME public.django_admin_log_id_seq
    START WITH 1
    INCREMENT BY 1
    NO MINVALUE
    NO MAXVALUE
    CACHE 1
);


--
-- Name: django_content_type; Type: TABLE; Schema: public; Owner: valla
--

CREATE TABLE public.django_content_type (
    id integer NOT NULL,
    app_label character varying(100) NOT NULL,
    model character varying(100) NOT NULL
);


ALTER TABLE public.django_content_type OWNER TO valla;

--
-- Name: django_content_type_id_seq; Type: SEQUENCE; Schema: public; Owner: valla
--

ALTER TABLE public.django_content_type ALTER COLUMN id ADD GENERATED BY DEFAULT AS IDENTITY (
    SEQUENCE NAME public.django_content_type_id_seq
    START WITH 1
    INCREMENT BY 1
    NO MINVALUE
    NO MAXVALUE
    CACHE 1
);


--
-- Name: django_migrations; Type: TABLE; Schema: public; Owner: valla
--

CREATE TABLE public.django_migrations (
    id bigint NOT NULL,
    app character varying(255) NOT NULL,
    name character varying(255) NOT NULL,
    applied timestamp with time zone NOT NULL
);


ALTER TABLE public.django_migrations OWNER TO valla;

--
-- Name: django_migrations_id_seq; Type: SEQUENCE; Schema: public; Owner: valla
--

ALTER TABLE public.django_migrations ALTER COLUMN id ADD GENERATED BY DEFAULT AS IDENTITY (
    SEQUENCE NAME public.django_migrations_id_seq
    START WITH 1
    INCREMENT BY 1
    NO MINVALUE
    NO MAXVALUE
    CACHE 1
);


--
-- Name: django_session; Type: TABLE; Schema: public; Owner: valla
--

CREATE TABLE public.django_session (
    session_key character varying(40) NOT NULL,
    session_data text NOT NULL,
    expire_date timestamp with time zone NOT NULL
);


ALTER TABLE public.django_session OWNER TO valla;

--
-- Name: like_favorite; Type: TABLE; Schema: public; Owner: valla
--

CREATE TABLE public.like_favorite (
    id bigint NOT NULL,
    owner_id integer NOT NULL,
    post_id bigint NOT NULL
);


ALTER TABLE public.like_favorite OWNER TO valla;

--
-- Name: like_favorite_id_seq; Type: SEQUENCE; Schema: public; Owner: valla
--

ALTER TABLE public.like_favorite ALTER COLUMN id ADD GENERATED BY DEFAULT AS IDENTITY (
    SEQUENCE NAME public.like_favorite_id_seq
    START WITH 1
    INCREMENT BY 1
    NO MINVALUE
    NO MAXVALUE
    CACHE 1
);


--
-- Name: like_like; Type: TABLE; Schema: public; Owner: valla
--

CREATE TABLE public.like_like (
    id bigint NOT NULL,
    owner_id integer NOT NULL,
    post_id bigint NOT NULL
);


ALTER TABLE public.like_like OWNER TO valla;

--
-- Name: like_like_id_seq; Type: SEQUENCE; Schema: public; Owner: valla
--

ALTER TABLE public.like_like ALTER COLUMN id ADD GENERATED BY DEFAULT AS IDENTITY (
    SEQUENCE NAME public.like_like_id_seq
    START WITH 1
    INCREMENT BY 1
    NO MINVALUE
    NO MAXVALUE
    CACHE 1
);


--
-- Name: posts_post; Type: TABLE; Schema: public; Owner: valla
--

CREATE TABLE public.posts_post (
    id bigint NOT NULL,
    title character varying(255) NOT NULL,
    body text NOT NULL,
    preview character varying(100),
    created_at timestamp with time zone NOT NULL,
    updated_at timestamp with time zone NOT NULL,
    category_id bigint,
    owner_id integer NOT NULL
);


ALTER TABLE public.posts_post OWNER TO valla;

--
-- Name: posts_post_id_seq; Type: SEQUENCE; Schema: public; Owner: valla
--

ALTER TABLE public.posts_post ALTER COLUMN id ADD GENERATED BY DEFAULT AS IDENTITY (
    SEQUENCE NAME public.posts_post_id_seq
    START WITH 1
    INCREMENT BY 1
    NO MINVALUE
    NO MAXVALUE
    CACHE 1
);


--
-- Name: posts_postimage; Type: TABLE; Schema: public; Owner: valla
--

CREATE TABLE public.posts_postimage (
    id bigint NOT NULL,
    title character varying(100) NOT NULL,
    image character varying(100) NOT NULL,
    post_id bigint NOT NULL
);


ALTER TABLE public.posts_postimage OWNER TO valla;

--
-- Name: posts_postimage_id_seq; Type: SEQUENCE; Schema: public; Owner: valla
--

ALTER TABLE public.posts_postimage ALTER COLUMN id ADD GENERATED BY DEFAULT AS IDENTITY (
    SEQUENCE NAME public.posts_postimage_id_seq
    START WITH 1
    INCREMENT BY 1
    NO MINVALUE
    NO MAXVALUE
    CACHE 1
);


--
-- Data for Name: auth_group; Type: TABLE DATA; Schema: public; Owner: valla
--

COPY public.auth_group (id, name) FROM stdin;
\.


--
-- Data for Name: auth_group_permissions; Type: TABLE DATA; Schema: public; Owner: valla
--

COPY public.auth_group_permissions (id, group_id, permission_id) FROM stdin;
\.


--
-- Data for Name: auth_permission; Type: TABLE DATA; Schema: public; Owner: valla
--

COPY public.auth_permission (id, name, content_type_id, codename) FROM stdin;
1	Can add log entry	1	add_logentry
2	Can change log entry	1	change_logentry
3	Can delete log entry	1	delete_logentry
4	Can view log entry	1	view_logentry
5	Can add permission	2	add_permission
6	Can change permission	2	change_permission
7	Can delete permission	2	delete_permission
8	Can view permission	2	view_permission
9	Can add group	3	add_group
10	Can change group	3	change_group
11	Can delete group	3	delete_group
12	Can view group	3	view_group
13	Can add user	4	add_user
14	Can change user	4	change_user
15	Can delete user	4	delete_user
16	Can view user	4	view_user
17	Can add content type	5	add_contenttype
18	Can change content type	5	change_contenttype
19	Can delete content type	5	delete_contenttype
20	Can view content type	5	view_contenttype
21	Can add session	6	add_session
22	Can change session	6	change_session
23	Can delete session	6	delete_session
24	Can view session	6	view_session
25	Can add Token	7	add_token
26	Can change Token	7	change_token
27	Can delete Token	7	delete_token
28	Can view Token	7	view_token
29	Can add token	8	add_tokenproxy
30	Can change token	8	change_tokenproxy
31	Can delete token	8	delete_tokenproxy
32	Can view token	8	view_tokenproxy
33	Can add category	9	add_category
34	Can change category	9	change_category
35	Can delete category	9	delete_category
36	Can view category	9	view_category
37	Can add post	10	add_post
38	Can change post	10	change_post
39	Can delete post	10	delete_post
40	Can view post	10	view_post
41	Can add post image	11	add_postimage
42	Can change post image	11	change_postimage
43	Can delete post image	11	delete_postimage
44	Can view post image	11	view_postimage
45	Can add comment	12	add_comment
46	Can change comment	12	change_comment
47	Can delete comment	12	delete_comment
48	Can view comment	12	view_comment
49	Can add like	13	add_like
50	Can change like	13	change_like
51	Can delete like	13	delete_like
52	Can view like	13	view_like
53	Can add favorite	14	add_favorite
54	Can change favorite	14	change_favorite
55	Can delete favorite	14	delete_favorite
56	Can view favorite	14	view_favorite
\.


--
-- Data for Name: auth_user; Type: TABLE DATA; Schema: public; Owner: valla
--

COPY public.auth_user (id, password, last_login, is_superuser, username, first_name, last_name, email, is_staff, is_active, date_joined) FROM stdin;
5	pbkdf2_sha256$600000$AF2gb8l494zvVOmtZPVsH1$UO03FBmUmZEz5Ih/QSI0uQsxOiWm+QDWMB6KRklmM98=	2023-06-16 20:34:58.538107+06	f	clark1234				f	t	2023-06-16 20:30:54.883597+06
3	pbkdf2_sha256$600000$vTVa9d7h39tok8ECxVytZ3$ZecQAPMDqZQi3Xq2PV6yo1qr21ToPufuTIV0eKcUp3Y=	2023-06-17 12:25:10.92917+06	f	johnsnow123	John	snow		f	t	2023-06-08 20:01:42.695998+06
1	pbkdf2_sha256$600000$mVWVStwZDnTC4baSq1mebh$TGz5xoguf/yYuVbNkisrFjhHCT+9yid18UwI7+Yxn3Q=	2023-06-17 22:22:41.420706+06	t	admin				t	t	2023-06-07 20:21:09.725471+06
\.


--
-- Data for Name: auth_user_groups; Type: TABLE DATA; Schema: public; Owner: valla
--

COPY public.auth_user_groups (id, user_id, group_id) FROM stdin;
\.


--
-- Data for Name: auth_user_user_permissions; Type: TABLE DATA; Schema: public; Owner: valla
--

COPY public.auth_user_user_permissions (id, user_id, permission_id) FROM stdin;
\.


--
-- Data for Name: authtoken_token; Type: TABLE DATA; Schema: public; Owner: valla
--

COPY public.authtoken_token (key, created, user_id) FROM stdin;
c312f7ae209db7ca3ebf105fb2b824773099ff0f	2023-06-16 20:34:58.507416+06	5
3c4b1a878de36bef3272ef53181ba07907ca6fe7	2023-06-17 12:25:10.898361+06	3
052a05d26db5dfc357c98699423a687040b334cc	2023-06-17 12:25:26.279138+06	1
\.


--
-- Data for Name: category_category; Type: TABLE DATA; Schema: public; Owner: valla
--

COPY public.category_category (id, name, parent_id) FROM stdin;
2	cooking	\N
3	self	\N
4	education	3
5	education1	\N
6	education123	\N
7	sport	\N
\.


--
-- Data for Name: comment_comment; Type: TABLE DATA; Schema: public; Owner: valla
--

COPY public.comment_comment (id, body, created_at, owner_id, post_id) FROM stdin;
2	Self is good	2023-06-13 20:24:46.034051+06	3	1
3	Herray we are win	2023-06-13 20:26:14.928818+06	3	3
5	This pizza is really nice	2023-06-13 20:41:39.072184+06	3	5
6	This pizza is really nice!!!!!	2023-06-17 12:56:59.908669+06	3	5
7	This pizza is really nice!!!!!	2023-06-17 12:57:13.359601+06	3	7
8	Cafe Giraffe very nice and cool!!! I love it! Especially English breakfast - very testy!!!	2023-06-17 12:58:23.775897+06	3	7
9	Cafe Giraffe very nice and cool!!! I love it! Especially English breakfast - very testy!!!	2023-06-17 12:58:50.051321+06	3	7
10	Clark123!!! Cafe Giraffe very nice and cool!!! I love it! Especially English breakfast - very testy!!!	2023-06-17 13:39:13.765627+06	5	5
11	Clark123!!! Cafe Giraffe very nice and cool!!! I love it! Especially English breakfast - very testy!!!	2023-06-17 13:39:20.950347+06	5	6
12	Clark123!!! Cafe Giraffe very nice and cool!!! I love it! Especially English breakfast - very testy!!!	2023-06-17 13:39:26.270228+06	5	7
\.


--
-- Data for Name: django_admin_log; Type: TABLE DATA; Schema: public; Owner: valla
--

COPY public.django_admin_log (id, action_time, object_id, object_repr, action_flag, change_message, content_type_id, user_id) FROM stdin;
1	2023-06-08 21:11:26.677636+06	2	johnsnow	3		4	1
2	2023-06-09 19:19:12.390736+06	1	travel	1	[{"added": {}}]	9	1
3	2023-06-16 20:25:15.091124+06	4	string	3		4	1
4	2023-06-16 20:30:55.149171+06	5	clark1234	1	[{"added": {}}]	4	1
\.


--
-- Data for Name: django_content_type; Type: TABLE DATA; Schema: public; Owner: valla
--

COPY public.django_content_type (id, app_label, model) FROM stdin;
1	admin	logentry
2	auth	permission
3	auth	group
4	auth	user
5	contenttypes	contenttype
6	sessions	session
7	authtoken	token
8	authtoken	tokenproxy
9	category	category
10	posts	post
11	posts	postimage
12	comment	comment
13	like	like
14	like	favorite
\.


--
-- Data for Name: django_migrations; Type: TABLE DATA; Schema: public; Owner: valla
--

COPY public.django_migrations (id, app, name, applied) FROM stdin;
1	contenttypes	0001_initial	2023-06-07 20:10:15.949101+06
2	auth	0001_initial	2023-06-07 20:10:16.020322+06
3	admin	0001_initial	2023-06-07 20:10:16.03778+06
4	admin	0002_logentry_remove_auto_add	2023-06-07 20:10:16.045963+06
5	admin	0003_logentry_add_action_flag_choices	2023-06-07 20:10:16.055187+06
6	contenttypes	0002_remove_content_type_name	2023-06-07 20:10:16.072103+06
7	auth	0002_alter_permission_name_max_length	2023-06-07 20:10:16.081645+06
8	auth	0003_alter_user_email_max_length	2023-06-07 20:10:16.090896+06
9	auth	0004_alter_user_username_opts	2023-06-07 20:10:16.100975+06
10	auth	0005_alter_user_last_login_null	2023-06-07 20:10:16.109652+06
11	auth	0006_require_contenttypes_0002	2023-06-07 20:10:16.11305+06
12	auth	0007_alter_validators_add_error_messages	2023-06-07 20:10:16.121708+06
13	auth	0008_alter_user_username_max_length	2023-06-07 20:10:16.133306+06
14	auth	0009_alter_user_last_name_max_length	2023-06-07 20:10:16.142601+06
15	auth	0010_alter_group_name_max_length	2023-06-07 20:10:16.153798+06
16	auth	0011_update_proxy_permissions	2023-06-07 20:10:16.162459+06
17	auth	0012_alter_user_first_name_max_length	2023-06-07 20:10:16.17185+06
18	sessions	0001_initial	2023-06-07 20:10:16.182994+06
19	authtoken	0001_initial	2023-06-08 20:35:16.876067+06
20	authtoken	0002_auto_20160226_1747	2023-06-08 20:35:16.90528+06
21	authtoken	0003_tokenproxy	2023-06-08 20:35:16.910004+06
22	category	0001_initial	2023-06-09 18:44:14.512667+06
23	category	0002_alter_category_name	2023-06-09 19:26:36.015548+06
24	posts	0001_initial	2023-06-09 20:22:06.237441+06
25	posts	0002_postimage	2023-06-13 18:46:57.919809+06
26	comment	0001_initial	2023-06-13 19:57:54.690523+06
27	like	0001_initial	2023-06-14 18:46:04.829618+06
28	like	0002_favorite	2023-06-16 18:57:57.318418+06
\.


--
-- Data for Name: django_session; Type: TABLE DATA; Schema: public; Owner: valla
--

COPY public.django_session (session_key, session_data, expire_date) FROM stdin;
ccup46g8wobah64beht3231mhjf0l7il	.eJxVjEEOwiAQRe_C2hCgtIBL956BDDODVA1NSrsy3l1JutDtf-_9l4iwbyXujdc4kzgLLU6_WwJ8cO2A7lBvi8SlbuucZFfkQZu8LsTPy-H-HRRopdeYAmibiUgpdDnnZDjREKxmC4RZmykAK3Dam9EP3mQz2fEromMfgnh_ACMDONI:1q6u2L:z4_gPA2xZVoODmJjnfYgpRogZoVT1ZTNGVVoJqDiGTo	2023-06-21 20:21:21.01776+06
k26sqnkhn8xu50ue09y2kjur5hv4qkgh	.eJxVjEEOwiAQRe_C2hCgtIBL956BDDODVA1NSrsy3l1JutDtf-_9l4iwbyXujdc4kzgLLU6_WwJ8cO2A7lBvi8SlbuucZFfkQZu8LsTPy-H-HRRopdeYAmibiUgpdDnnZDjREKxmC4RZmykAK3Dam9EP3mQz2fEromMfgnh_ACMDONI:1q7FDV:AgElLwPgmhW5rB3dETW6lFFkGvbSRyOjUzI0sLPT9Pw	2023-06-22 18:58:17.491769+06
3yysft2i01tpi27pk81e5v3x6sz5v2mk	.eJxVjEEOwiAQRe_C2hCgtIBL956BDDODVA1NSrsy3l1JutDtf-_9l4iwbyXujdc4kzgLLU6_WwJ8cO2A7lBvi8SlbuucZFfkQZu8LsTPy-H-HRRopdeYAmibiUgpdDnnZDjREKxmC4RZmykAK3Dam9EP3mQz2fEromMfgnh_ACMDONI:1q7cRW:jBIgJ6ZB-Hn3N5lGcVWW1tq-KooVKzHUv7J3ctZWlB4	2023-06-23 19:46:18.332631+06
xezwucy7u8hxluse8lj15bm5i7gt81l0	.eJxVjEEOwiAQRe_C2hCgtIBL956BDDODVA1NSrsy3l1JutDtf-_9l4iwbyXujdc4kzgLLU6_WwJ8cO2A7lBvi8SlbuucZFfkQZu8LsTPy-H-HRRopdeYAmibiUgpdDnnZDjREKxmC4RZmykAK3Dam9EP3mQz2fEromMfgnh_ACMDONI:1q7cV6:nyp9MkA2UeVc9BzPbMbo08H7HzGzb8x3ZP-vkhqWNoc	2023-06-23 19:50:00.070525+06
rxdfml1zu93juamuxrb6qetwj0o9pchs	.eJxVjEEOwiAQRe_C2hCgtIBL956BDDODVA1NSrsy3l1JutDtf-_9l4iwbyXujdc4kzgLLU6_WwJ8cO2A7lBvi8SlbuucZFfkQZu8LsTPy-H-HRRopdeYAmibiUgpdDnnZDjREKxmC4RZmykAK3Dam9EP3mQz2fEromMfgnh_ACMDONI:1qAPNG:Ny9B5-xHsb4HtmWkXgAnq4YytbWQa1OXSWOf3aazkac	2023-07-01 12:25:26.288658+06
ef8y1yytcpyhh3u0mrfke96vdxizpqe5	.eJxVjEEOwiAQRe_C2hCgtIBL956BDDODVA1NSrsy3l1JutDtf-_9l4iwbyXujdc4kzgLLU6_WwJ8cO2A7lBvi8SlbuucZFfkQZu8LsTPy-H-HRRopdeYAmibiUgpdDnnZDjREKxmC4RZmykAK3Dam9EP3mQz2fEromMfgnh_ACMDONI:1qAYhF:hctWwdQIBO97uivz14VchoLsLmETgZN-AXuGV-TdPug	2023-07-01 22:22:41.426764+06
\.


--
-- Data for Name: like_favorite; Type: TABLE DATA; Schema: public; Owner: valla
--

COPY public.like_favorite (id, owner_id, post_id) FROM stdin;
6	3	4
7	3	5
8	5	5
9	5	3
10	5	1
\.


--
-- Data for Name: like_like; Type: TABLE DATA; Schema: public; Owner: valla
--

COPY public.like_like (id, owner_id, post_id) FROM stdin;
1	3	2
4	3	3
5	3	4
7	1	3
8	1	2
10	1	5
11	1	1
12	1	4
13	3	5
14	5	3
15	5	5
16	5	7
17	5	4
\.


--
-- Data for Name: posts_post; Type: TABLE DATA; Schema: public; Owner: valla
--

COPY public.posts_post (id, title, body, preview, created_at, updated_at, category_id, owner_id) FROM stdin;
2	Ya lechy v Thailand	Budu otdihat	images/3555e3c07c7bf8c158c1c93d7a13e0e6c380aab4_fV4zKSw.jpg	2023-06-12 19:26:02.113986+06	2023-06-12 19:26:02.114013+06	3	1
3	Manchester win	Football very good game	images/3555e3c07c7bf8c158c1c93d7a13e0e6c380aab4_Wg9VFzO.jpg	2023-06-12 19:28:58.853472+06	2023-06-12 19:28:58.853485+06	7	1
1	Ya lechy v Thailand today	Budu otdihat	images/3555e3c07c7bf8c158c1c93d7a13e0e6c380aab4.jpg	2023-06-12 19:23:39.798546+06	2023-06-12 20:30:50.403087+06	3	1
4	Barselona won the treble 2010!Manchester win111	Today Barsa win LC	images/1_6497_1615.webp	2023-06-13 19:19:41.395624+06	2023-06-13 19:19:41.395639+06	7	1
5	Pizza	Food herray	images/1_6497_1615_P2qbOqp.webp	2023-06-13 19:21:55.226735+06	2023-06-13 19:21:55.226766+06	2	1
6	Pizza	Food herray!!!!	images/1_6497_1615_oLuwMTi.webp	2023-06-15 18:18:09.425129+06	2023-06-15 18:18:09.425166+06	2	3
7	Pizza	Food herray!!!!&&&&&	images/1_6497_1615_f2iFxRl.webp	2023-06-15 18:58:14.715706+06	2023-06-15 18:58:14.71573+06	2	3
9	Pizza!!! ClarkPizza	Goraffe the best	images/1_6497_1615_NO9rMnF.webp	2023-06-17 14:33:18.018193+06	2023-06-17 14:33:18.018213+06	5	5
10	Chemberland WON!!!	Chamberland WON this game!!!!	images/1_6497_1615_hueIJhQ.webp	2023-06-17 14:33:59.212427+06	2023-06-17 14:33:59.212447+06	7	5
\.


--
-- Data for Name: posts_postimage; Type: TABLE DATA; Schema: public; Owner: valla
--

COPY public.posts_postimage (id, title, image, post_id) FROM stdin;
1	imageNone834941	images/1_1387.webp	4
2	imageNone362320	images/1_6497_1615_p6wW99W.webp	4
3	imageNone783785	images/17189.jpg	4
4	imageNone847381	images/18995.jpg	4
5	image485911	images/1_1387_FBgF8ki.webp	5
6	image302700	images/1_6497_1615_JWXPrdi.webp	5
7	image801906	images/17189_iDFG27Q.jpg	5
8	image667399	images/18995_UmLKGwH.jpg	5
9	image153257	images/1_1387_Ft8AtQQ.webp	6
10	image464186	images/1_6497_1615_SoPRcHV.webp	6
11	image408227	images/17189_L1GhNtw.jpg	6
12	image332671	images/18995_TPH1ao1.jpg	6
13	image745815	images/1_1387_9bybDVg.webp	7
14	image970070	images/1_6497_1615_KLpopyq.webp	7
15	image629297	images/17189_B4OQR7n.jpg	7
16	image411060	images/18995_DNmMBKD.jpg	7
21	image319183	images/1_1387_kcp23LM.webp	9
22	image829971	images/1_6497_1615_sxRe26y.webp	9
23	image755773	images/17189_I85qg4Q.jpg	9
24	image608108	images/18995_8iXpA23.jpg	9
25	image724990	images/1_1387_PvUgxi5.webp	10
26	image255632	images/1_6497_1615_YMBdjME.webp	10
27	image509973	images/17189_pOb9mqi.jpg	10
28	image871184	images/18995_ifTE7fe.jpg	10
\.


--
-- Name: auth_group_id_seq; Type: SEQUENCE SET; Schema: public; Owner: valla
--

SELECT pg_catalog.setval('public.auth_group_id_seq', 1, false);


--
-- Name: auth_group_permissions_id_seq; Type: SEQUENCE SET; Schema: public; Owner: valla
--

SELECT pg_catalog.setval('public.auth_group_permissions_id_seq', 1, false);


--
-- Name: auth_permission_id_seq; Type: SEQUENCE SET; Schema: public; Owner: valla
--

SELECT pg_catalog.setval('public.auth_permission_id_seq', 56, true);


--
-- Name: auth_user_groups_id_seq; Type: SEQUENCE SET; Schema: public; Owner: valla
--

SELECT pg_catalog.setval('public.auth_user_groups_id_seq', 1, false);


--
-- Name: auth_user_id_seq; Type: SEQUENCE SET; Schema: public; Owner: valla
--

SELECT pg_catalog.setval('public.auth_user_id_seq', 5, true);


--
-- Name: auth_user_user_permissions_id_seq; Type: SEQUENCE SET; Schema: public; Owner: valla
--

SELECT pg_catalog.setval('public.auth_user_user_permissions_id_seq', 1, false);


--
-- Name: category_category_id_seq; Type: SEQUENCE SET; Schema: public; Owner: valla
--

SELECT pg_catalog.setval('public.category_category_id_seq', 7, true);


--
-- Name: comment_comment_id_seq; Type: SEQUENCE SET; Schema: public; Owner: valla
--

SELECT pg_catalog.setval('public.comment_comment_id_seq', 12, true);


--
-- Name: django_admin_log_id_seq; Type: SEQUENCE SET; Schema: public; Owner: valla
--

SELECT pg_catalog.setval('public.django_admin_log_id_seq', 4, true);


--
-- Name: django_content_type_id_seq; Type: SEQUENCE SET; Schema: public; Owner: valla
--

SELECT pg_catalog.setval('public.django_content_type_id_seq', 14, true);


--
-- Name: django_migrations_id_seq; Type: SEQUENCE SET; Schema: public; Owner: valla
--

SELECT pg_catalog.setval('public.django_migrations_id_seq', 28, true);


--
-- Name: like_favorite_id_seq; Type: SEQUENCE SET; Schema: public; Owner: valla
--

SELECT pg_catalog.setval('public.like_favorite_id_seq', 10, true);


--
-- Name: like_like_id_seq; Type: SEQUENCE SET; Schema: public; Owner: valla
--

SELECT pg_catalog.setval('public.like_like_id_seq', 18, true);


--
-- Name: posts_post_id_seq; Type: SEQUENCE SET; Schema: public; Owner: valla
--

SELECT pg_catalog.setval('public.posts_post_id_seq', 10, true);


--
-- Name: posts_postimage_id_seq; Type: SEQUENCE SET; Schema: public; Owner: valla
--

SELECT pg_catalog.setval('public.posts_postimage_id_seq', 28, true);


--
-- Name: auth_group auth_group_name_key; Type: CONSTRAINT; Schema: public; Owner: valla
--

ALTER TABLE ONLY public.auth_group
    ADD CONSTRAINT auth_group_name_key UNIQUE (name);


--
-- Name: auth_group_permissions auth_group_permissions_group_id_permission_id_0cd325b0_uniq; Type: CONSTRAINT; Schema: public; Owner: valla
--

ALTER TABLE ONLY public.auth_group_permissions
    ADD CONSTRAINT auth_group_permissions_group_id_permission_id_0cd325b0_uniq UNIQUE (group_id, permission_id);


--
-- Name: auth_group_permissions auth_group_permissions_pkey; Type: CONSTRAINT; Schema: public; Owner: valla
--

ALTER TABLE ONLY public.auth_group_permissions
    ADD CONSTRAINT auth_group_permissions_pkey PRIMARY KEY (id);


--
-- Name: auth_group auth_group_pkey; Type: CONSTRAINT; Schema: public; Owner: valla
--

ALTER TABLE ONLY public.auth_group
    ADD CONSTRAINT auth_group_pkey PRIMARY KEY (id);


--
-- Name: auth_permission auth_permission_content_type_id_codename_01ab375a_uniq; Type: CONSTRAINT; Schema: public; Owner: valla
--

ALTER TABLE ONLY public.auth_permission
    ADD CONSTRAINT auth_permission_content_type_id_codename_01ab375a_uniq UNIQUE (content_type_id, codename);


--
-- Name: auth_permission auth_permission_pkey; Type: CONSTRAINT; Schema: public; Owner: valla
--

ALTER TABLE ONLY public.auth_permission
    ADD CONSTRAINT auth_permission_pkey PRIMARY KEY (id);


--
-- Name: auth_user_groups auth_user_groups_pkey; Type: CONSTRAINT; Schema: public; Owner: valla
--

ALTER TABLE ONLY public.auth_user_groups
    ADD CONSTRAINT auth_user_groups_pkey PRIMARY KEY (id);


--
-- Name: auth_user_groups auth_user_groups_user_id_group_id_94350c0c_uniq; Type: CONSTRAINT; Schema: public; Owner: valla
--

ALTER TABLE ONLY public.auth_user_groups
    ADD CONSTRAINT auth_user_groups_user_id_group_id_94350c0c_uniq UNIQUE (user_id, group_id);


--
-- Name: auth_user auth_user_pkey; Type: CONSTRAINT; Schema: public; Owner: valla
--

ALTER TABLE ONLY public.auth_user
    ADD CONSTRAINT auth_user_pkey PRIMARY KEY (id);


--
-- Name: auth_user_user_permissions auth_user_user_permissions_pkey; Type: CONSTRAINT; Schema: public; Owner: valla
--

ALTER TABLE ONLY public.auth_user_user_permissions
    ADD CONSTRAINT auth_user_user_permissions_pkey PRIMARY KEY (id);


--
-- Name: auth_user_user_permissions auth_user_user_permissions_user_id_permission_id_14a6b632_uniq; Type: CONSTRAINT; Schema: public; Owner: valla
--

ALTER TABLE ONLY public.auth_user_user_permissions
    ADD CONSTRAINT auth_user_user_permissions_user_id_permission_id_14a6b632_uniq UNIQUE (user_id, permission_id);


--
-- Name: auth_user auth_user_username_key; Type: CONSTRAINT; Schema: public; Owner: valla
--

ALTER TABLE ONLY public.auth_user
    ADD CONSTRAINT auth_user_username_key UNIQUE (username);


--
-- Name: authtoken_token authtoken_token_pkey; Type: CONSTRAINT; Schema: public; Owner: valla
--

ALTER TABLE ONLY public.authtoken_token
    ADD CONSTRAINT authtoken_token_pkey PRIMARY KEY (key);


--
-- Name: authtoken_token authtoken_token_user_id_key; Type: CONSTRAINT; Schema: public; Owner: valla
--

ALTER TABLE ONLY public.authtoken_token
    ADD CONSTRAINT authtoken_token_user_id_key UNIQUE (user_id);


--
-- Name: category_category category_category_name_e3e43e48_uniq; Type: CONSTRAINT; Schema: public; Owner: valla
--

ALTER TABLE ONLY public.category_category
    ADD CONSTRAINT category_category_name_e3e43e48_uniq UNIQUE (name);


--
-- Name: category_category category_category_pkey; Type: CONSTRAINT; Schema: public; Owner: valla
--

ALTER TABLE ONLY public.category_category
    ADD CONSTRAINT category_category_pkey PRIMARY KEY (id);


--
-- Name: comment_comment comment_comment_pkey; Type: CONSTRAINT; Schema: public; Owner: valla
--

ALTER TABLE ONLY public.comment_comment
    ADD CONSTRAINT comment_comment_pkey PRIMARY KEY (id);


--
-- Name: django_admin_log django_admin_log_pkey; Type: CONSTRAINT; Schema: public; Owner: valla
--

ALTER TABLE ONLY public.django_admin_log
    ADD CONSTRAINT django_admin_log_pkey PRIMARY KEY (id);


--
-- Name: django_content_type django_content_type_app_label_model_76bd3d3b_uniq; Type: CONSTRAINT; Schema: public; Owner: valla
--

ALTER TABLE ONLY public.django_content_type
    ADD CONSTRAINT django_content_type_app_label_model_76bd3d3b_uniq UNIQUE (app_label, model);


--
-- Name: django_content_type django_content_type_pkey; Type: CONSTRAINT; Schema: public; Owner: valla
--

ALTER TABLE ONLY public.django_content_type
    ADD CONSTRAINT django_content_type_pkey PRIMARY KEY (id);


--
-- Name: django_migrations django_migrations_pkey; Type: CONSTRAINT; Schema: public; Owner: valla
--

ALTER TABLE ONLY public.django_migrations
    ADD CONSTRAINT django_migrations_pkey PRIMARY KEY (id);


--
-- Name: django_session django_session_pkey; Type: CONSTRAINT; Schema: public; Owner: valla
--

ALTER TABLE ONLY public.django_session
    ADD CONSTRAINT django_session_pkey PRIMARY KEY (session_key);


--
-- Name: like_favorite like_favorite_owner_id_post_id_9f9d1836_uniq; Type: CONSTRAINT; Schema: public; Owner: valla
--

ALTER TABLE ONLY public.like_favorite
    ADD CONSTRAINT like_favorite_owner_id_post_id_9f9d1836_uniq UNIQUE (owner_id, post_id);


--
-- Name: like_favorite like_favorite_pkey; Type: CONSTRAINT; Schema: public; Owner: valla
--

ALTER TABLE ONLY public.like_favorite
    ADD CONSTRAINT like_favorite_pkey PRIMARY KEY (id);


--
-- Name: like_like like_like_owner_id_post_id_3c7fa44e_uniq; Type: CONSTRAINT; Schema: public; Owner: valla
--

ALTER TABLE ONLY public.like_like
    ADD CONSTRAINT like_like_owner_id_post_id_3c7fa44e_uniq UNIQUE (owner_id, post_id);


--
-- Name: like_like like_like_pkey; Type: CONSTRAINT; Schema: public; Owner: valla
--

ALTER TABLE ONLY public.like_like
    ADD CONSTRAINT like_like_pkey PRIMARY KEY (id);


--
-- Name: posts_post posts_post_pkey; Type: CONSTRAINT; Schema: public; Owner: valla
--

ALTER TABLE ONLY public.posts_post
    ADD CONSTRAINT posts_post_pkey PRIMARY KEY (id);


--
-- Name: posts_postimage posts_postimage_pkey; Type: CONSTRAINT; Schema: public; Owner: valla
--

ALTER TABLE ONLY public.posts_postimage
    ADD CONSTRAINT posts_postimage_pkey PRIMARY KEY (id);


--
-- Name: auth_group_name_a6ea08ec_like; Type: INDEX; Schema: public; Owner: valla
--

CREATE INDEX auth_group_name_a6ea08ec_like ON public.auth_group USING btree (name varchar_pattern_ops);


--
-- Name: auth_group_permissions_group_id_b120cbf9; Type: INDEX; Schema: public; Owner: valla
--

CREATE INDEX auth_group_permissions_group_id_b120cbf9 ON public.auth_group_permissions USING btree (group_id);


--
-- Name: auth_group_permissions_permission_id_84c5c92e; Type: INDEX; Schema: public; Owner: valla
--

CREATE INDEX auth_group_permissions_permission_id_84c5c92e ON public.auth_group_permissions USING btree (permission_id);


--
-- Name: auth_permission_content_type_id_2f476e4b; Type: INDEX; Schema: public; Owner: valla
--

CREATE INDEX auth_permission_content_type_id_2f476e4b ON public.auth_permission USING btree (content_type_id);


--
-- Name: auth_user_groups_group_id_97559544; Type: INDEX; Schema: public; Owner: valla
--

CREATE INDEX auth_user_groups_group_id_97559544 ON public.auth_user_groups USING btree (group_id);


--
-- Name: auth_user_groups_user_id_6a12ed8b; Type: INDEX; Schema: public; Owner: valla
--

CREATE INDEX auth_user_groups_user_id_6a12ed8b ON public.auth_user_groups USING btree (user_id);


--
-- Name: auth_user_user_permissions_permission_id_1fbb5f2c; Type: INDEX; Schema: public; Owner: valla
--

CREATE INDEX auth_user_user_permissions_permission_id_1fbb5f2c ON public.auth_user_user_permissions USING btree (permission_id);


--
-- Name: auth_user_user_permissions_user_id_a95ead1b; Type: INDEX; Schema: public; Owner: valla
--

CREATE INDEX auth_user_user_permissions_user_id_a95ead1b ON public.auth_user_user_permissions USING btree (user_id);


--
-- Name: auth_user_username_6821ab7c_like; Type: INDEX; Schema: public; Owner: valla
--

CREATE INDEX auth_user_username_6821ab7c_like ON public.auth_user USING btree (username varchar_pattern_ops);


--
-- Name: authtoken_token_key_10f0b77e_like; Type: INDEX; Schema: public; Owner: valla
--

CREATE INDEX authtoken_token_key_10f0b77e_like ON public.authtoken_token USING btree (key varchar_pattern_ops);


--
-- Name: category_category_name_e3e43e48_like; Type: INDEX; Schema: public; Owner: valla
--

CREATE INDEX category_category_name_e3e43e48_like ON public.category_category USING btree (name varchar_pattern_ops);


--
-- Name: category_category_parent_id_bce0763d; Type: INDEX; Schema: public; Owner: valla
--

CREATE INDEX category_category_parent_id_bce0763d ON public.category_category USING btree (parent_id);


--
-- Name: comment_comment_owner_id_6a8aee40; Type: INDEX; Schema: public; Owner: valla
--

CREATE INDEX comment_comment_owner_id_6a8aee40 ON public.comment_comment USING btree (owner_id);


--
-- Name: comment_comment_post_id_357153e3; Type: INDEX; Schema: public; Owner: valla
--

CREATE INDEX comment_comment_post_id_357153e3 ON public.comment_comment USING btree (post_id);


--
-- Name: django_admin_log_content_type_id_c4bce8eb; Type: INDEX; Schema: public; Owner: valla
--

CREATE INDEX django_admin_log_content_type_id_c4bce8eb ON public.django_admin_log USING btree (content_type_id);


--
-- Name: django_admin_log_user_id_c564eba6; Type: INDEX; Schema: public; Owner: valla
--

CREATE INDEX django_admin_log_user_id_c564eba6 ON public.django_admin_log USING btree (user_id);


--
-- Name: django_session_expire_date_a5c62663; Type: INDEX; Schema: public; Owner: valla
--

CREATE INDEX django_session_expire_date_a5c62663 ON public.django_session USING btree (expire_date);


--
-- Name: django_session_session_key_c0390e0f_like; Type: INDEX; Schema: public; Owner: valla
--

CREATE INDEX django_session_session_key_c0390e0f_like ON public.django_session USING btree (session_key varchar_pattern_ops);


--
-- Name: like_favorite_owner_id_1b767066; Type: INDEX; Schema: public; Owner: valla
--

CREATE INDEX like_favorite_owner_id_1b767066 ON public.like_favorite USING btree (owner_id);


--
-- Name: like_favorite_post_id_76edb1ab; Type: INDEX; Schema: public; Owner: valla
--

CREATE INDEX like_favorite_post_id_76edb1ab ON public.like_favorite USING btree (post_id);


--
-- Name: like_like_owner_id_1e115530; Type: INDEX; Schema: public; Owner: valla
--

CREATE INDEX like_like_owner_id_1e115530 ON public.like_like USING btree (owner_id);


--
-- Name: like_like_post_id_5d24a940; Type: INDEX; Schema: public; Owner: valla
--

CREATE INDEX like_like_post_id_5d24a940 ON public.like_like USING btree (post_id);


--
-- Name: posts_post_category_id_ab339803; Type: INDEX; Schema: public; Owner: valla
--

CREATE INDEX posts_post_category_id_ab339803 ON public.posts_post USING btree (category_id);


--
-- Name: posts_post_owner_id_c4fbf350; Type: INDEX; Schema: public; Owner: valla
--

CREATE INDEX posts_post_owner_id_c4fbf350 ON public.posts_post USING btree (owner_id);


--
-- Name: posts_postimage_post_id_a2f20392; Type: INDEX; Schema: public; Owner: valla
--

CREATE INDEX posts_postimage_post_id_a2f20392 ON public.posts_postimage USING btree (post_id);


--
-- Name: auth_group_permissions auth_group_permissio_permission_id_84c5c92e_fk_auth_perm; Type: FK CONSTRAINT; Schema: public; Owner: valla
--

ALTER TABLE ONLY public.auth_group_permissions
    ADD CONSTRAINT auth_group_permissio_permission_id_84c5c92e_fk_auth_perm FOREIGN KEY (permission_id) REFERENCES public.auth_permission(id) DEFERRABLE INITIALLY DEFERRED;


--
-- Name: auth_group_permissions auth_group_permissions_group_id_b120cbf9_fk_auth_group_id; Type: FK CONSTRAINT; Schema: public; Owner: valla
--

ALTER TABLE ONLY public.auth_group_permissions
    ADD CONSTRAINT auth_group_permissions_group_id_b120cbf9_fk_auth_group_id FOREIGN KEY (group_id) REFERENCES public.auth_group(id) DEFERRABLE INITIALLY DEFERRED;


--
-- Name: auth_permission auth_permission_content_type_id_2f476e4b_fk_django_co; Type: FK CONSTRAINT; Schema: public; Owner: valla
--

ALTER TABLE ONLY public.auth_permission
    ADD CONSTRAINT auth_permission_content_type_id_2f476e4b_fk_django_co FOREIGN KEY (content_type_id) REFERENCES public.django_content_type(id) DEFERRABLE INITIALLY DEFERRED;


--
-- Name: auth_user_groups auth_user_groups_group_id_97559544_fk_auth_group_id; Type: FK CONSTRAINT; Schema: public; Owner: valla
--

ALTER TABLE ONLY public.auth_user_groups
    ADD CONSTRAINT auth_user_groups_group_id_97559544_fk_auth_group_id FOREIGN KEY (group_id) REFERENCES public.auth_group(id) DEFERRABLE INITIALLY DEFERRED;


--
-- Name: auth_user_groups auth_user_groups_user_id_6a12ed8b_fk_auth_user_id; Type: FK CONSTRAINT; Schema: public; Owner: valla
--

ALTER TABLE ONLY public.auth_user_groups
    ADD CONSTRAINT auth_user_groups_user_id_6a12ed8b_fk_auth_user_id FOREIGN KEY (user_id) REFERENCES public.auth_user(id) DEFERRABLE INITIALLY DEFERRED;


--
-- Name: auth_user_user_permissions auth_user_user_permi_permission_id_1fbb5f2c_fk_auth_perm; Type: FK CONSTRAINT; Schema: public; Owner: valla
--

ALTER TABLE ONLY public.auth_user_user_permissions
    ADD CONSTRAINT auth_user_user_permi_permission_id_1fbb5f2c_fk_auth_perm FOREIGN KEY (permission_id) REFERENCES public.auth_permission(id) DEFERRABLE INITIALLY DEFERRED;


--
-- Name: auth_user_user_permissions auth_user_user_permissions_user_id_a95ead1b_fk_auth_user_id; Type: FK CONSTRAINT; Schema: public; Owner: valla
--

ALTER TABLE ONLY public.auth_user_user_permissions
    ADD CONSTRAINT auth_user_user_permissions_user_id_a95ead1b_fk_auth_user_id FOREIGN KEY (user_id) REFERENCES public.auth_user(id) DEFERRABLE INITIALLY DEFERRED;


--
-- Name: authtoken_token authtoken_token_user_id_35299eff_fk_auth_user_id; Type: FK CONSTRAINT; Schema: public; Owner: valla
--

ALTER TABLE ONLY public.authtoken_token
    ADD CONSTRAINT authtoken_token_user_id_35299eff_fk_auth_user_id FOREIGN KEY (user_id) REFERENCES public.auth_user(id) DEFERRABLE INITIALLY DEFERRED;


--
-- Name: category_category category_category_parent_id_bce0763d_fk_category_category_id; Type: FK CONSTRAINT; Schema: public; Owner: valla
--

ALTER TABLE ONLY public.category_category
    ADD CONSTRAINT category_category_parent_id_bce0763d_fk_category_category_id FOREIGN KEY (parent_id) REFERENCES public.category_category(id) DEFERRABLE INITIALLY DEFERRED;


--
-- Name: comment_comment comment_comment_owner_id_6a8aee40_fk_auth_user_id; Type: FK CONSTRAINT; Schema: public; Owner: valla
--

ALTER TABLE ONLY public.comment_comment
    ADD CONSTRAINT comment_comment_owner_id_6a8aee40_fk_auth_user_id FOREIGN KEY (owner_id) REFERENCES public.auth_user(id) DEFERRABLE INITIALLY DEFERRED;


--
-- Name: comment_comment comment_comment_post_id_357153e3_fk_posts_post_id; Type: FK CONSTRAINT; Schema: public; Owner: valla
--

ALTER TABLE ONLY public.comment_comment
    ADD CONSTRAINT comment_comment_post_id_357153e3_fk_posts_post_id FOREIGN KEY (post_id) REFERENCES public.posts_post(id) DEFERRABLE INITIALLY DEFERRED;


--
-- Name: django_admin_log django_admin_log_content_type_id_c4bce8eb_fk_django_co; Type: FK CONSTRAINT; Schema: public; Owner: valla
--

ALTER TABLE ONLY public.django_admin_log
    ADD CONSTRAINT django_admin_log_content_type_id_c4bce8eb_fk_django_co FOREIGN KEY (content_type_id) REFERENCES public.django_content_type(id) DEFERRABLE INITIALLY DEFERRED;


--
-- Name: django_admin_log django_admin_log_user_id_c564eba6_fk_auth_user_id; Type: FK CONSTRAINT; Schema: public; Owner: valla
--

ALTER TABLE ONLY public.django_admin_log
    ADD CONSTRAINT django_admin_log_user_id_c564eba6_fk_auth_user_id FOREIGN KEY (user_id) REFERENCES public.auth_user(id) DEFERRABLE INITIALLY DEFERRED;


--
-- Name: like_favorite like_favorite_owner_id_1b767066_fk_auth_user_id; Type: FK CONSTRAINT; Schema: public; Owner: valla
--

ALTER TABLE ONLY public.like_favorite
    ADD CONSTRAINT like_favorite_owner_id_1b767066_fk_auth_user_id FOREIGN KEY (owner_id) REFERENCES public.auth_user(id) DEFERRABLE INITIALLY DEFERRED;


--
-- Name: like_favorite like_favorite_post_id_76edb1ab_fk_posts_post_id; Type: FK CONSTRAINT; Schema: public; Owner: valla
--

ALTER TABLE ONLY public.like_favorite
    ADD CONSTRAINT like_favorite_post_id_76edb1ab_fk_posts_post_id FOREIGN KEY (post_id) REFERENCES public.posts_post(id) DEFERRABLE INITIALLY DEFERRED;


--
-- Name: like_like like_like_owner_id_1e115530_fk_auth_user_id; Type: FK CONSTRAINT; Schema: public; Owner: valla
--

ALTER TABLE ONLY public.like_like
    ADD CONSTRAINT like_like_owner_id_1e115530_fk_auth_user_id FOREIGN KEY (owner_id) REFERENCES public.auth_user(id) DEFERRABLE INITIALLY DEFERRED;


--
-- Name: like_like like_like_post_id_5d24a940_fk_posts_post_id; Type: FK CONSTRAINT; Schema: public; Owner: valla
--

ALTER TABLE ONLY public.like_like
    ADD CONSTRAINT like_like_post_id_5d24a940_fk_posts_post_id FOREIGN KEY (post_id) REFERENCES public.posts_post(id) DEFERRABLE INITIALLY DEFERRED;


--
-- Name: posts_post posts_post_category_id_ab339803_fk_category_category_id; Type: FK CONSTRAINT; Schema: public; Owner: valla
--

ALTER TABLE ONLY public.posts_post
    ADD CONSTRAINT posts_post_category_id_ab339803_fk_category_category_id FOREIGN KEY (category_id) REFERENCES public.category_category(id) DEFERRABLE INITIALLY DEFERRED;


--
-- Name: posts_post posts_post_owner_id_c4fbf350_fk_auth_user_id; Type: FK CONSTRAINT; Schema: public; Owner: valla
--

ALTER TABLE ONLY public.posts_post
    ADD CONSTRAINT posts_post_owner_id_c4fbf350_fk_auth_user_id FOREIGN KEY (owner_id) REFERENCES public.auth_user(id) DEFERRABLE INITIALLY DEFERRED;


--
-- Name: posts_postimage posts_postimage_post_id_a2f20392_fk_posts_post_id; Type: FK CONSTRAINT; Schema: public; Owner: valla
--

ALTER TABLE ONLY public.posts_postimage
    ADD CONSTRAINT posts_postimage_post_id_a2f20392_fk_posts_post_id FOREIGN KEY (post_id) REFERENCES public.posts_post(id) DEFERRABLE INITIALLY DEFERRED;


--
-- PostgreSQL database dump complete
--

